Workbook

Sheet Cover
B2: SOC 2 TYPE 1 CONTROL MATRIX
B3: Trust Services Criterion: Security (Common Criteria CC1-CC9)
B5: Client (Simulated): | C5: MeridianHealth Analytics Pty Ltd
B6: Engagement: | C6: MHA-SOC2-2026-001
B7: Engagement Type: | C7: SOC 2 Type 1 Readiness Assessment
B8: Framework: | C8: AICPA Trust Services Criteria 2017 (rev. 2022 points of focus)
B9: Reporting Period: | C9: Point-in-time (Type 1)
B10: Prepared By: | C10: Gaurav Govind, GRC Analyst
B11: Date: | C11: 28 April 2026
B12: Version: | C12: 1.0 — Final
B13: Classification: | C13: Confidential — Client
B16: WORKBOOK CONTENTS
B17: Cover | C17: This sheet — engagement metadata
B18: Instructions | C18: Definitions for status, risk rating, and evidence reliability
B19: Dashboard | C19: Control coverage summary with charts and status by Common Criteria
B20: Control Matrix | C20: 65 controls assessed against TSC Security (CC1-CC9)
B21: Findings Summary | C21: Findings auto-derived from control matrix gaps
B22: Glossary | C22: Acronyms and key terms
B25: DISCLAIMER
B26: This is a simulated portfolio engagement. MeridianHealth Analytics Pty Ltd is a fictional company. All findings and evidence references are illustrative.

Sheet Instructions
B2: DEFINITIONS
B4: Control Status
B5: Implemented | C5: Control is designed appropriately and operating evidence is available.
B6: Partially Implemented | C6: Control exists but is missing key elements (documentation, evidence, or coverage).
B7: Not Implemented | C7: Control does not exist or has fundamental design gaps.
B8: Not Applicable | C8: Control does not apply to this entity given its services or scope.
B11: Residual Risk Rating
B12: High | C12: Significant likelihood of audit exception; remediation required before audit fieldwork.
B13: Medium | C13: Moderate likelihood of audit exception; remediation strongly recommended.
B14: Low | C14: Minor design or evidence gap; tracked but unlikely to cause audit exception.
B15: None | C15: No residual risk identified.
B18: Evidence Reliability
B19: A - High | C19: System-generated, tamper-evident, complete population (e.g., automated logs, IdP exports).
B20: B - Moderate | C20: Documented and reviewed but partly manual (e.g., signed-off policies, completed checklists).
B21: C - Low | C21: Self-attested, verbal, or sample-only evidence requiring strengthening before audit.
B22: N/A | C22: No evidence required (control not applicable).
B25: AICPA Common Criteria Categories
B26: CC1 | C26: Control Environment
B27: CC2 | C27: Communication & Information
B28: CC3 | C28: Risk Assessment
B29: CC4 | C29: Monitoring Activities
B30: CC5 | C30: Control Activities
B31: CC6 | C31: Logical & Physical Access Controls
B32: CC7 | C32: System Operations
B33: CC8 | C33: Change Management
B34: CC9 | C34: Risk Mitigation

Sheet Dashboard
B2: CONTROL COVERAGE DASHBOARD
B3: MeridianHealth Analytics — SOC 2 Type 1 Readiness
B5: KEY METRICS
B6: Total Controls Assessed | C6: =COUNTA('Control Matrix'!A2:A66) -> 65
B7: Implemented | C7: =COUNTIF('Control Matrix'!F2:F66,"Implemented") -> 38
B8: Partially Implemented | C8: =COUNTIF('Control Matrix'!F2:F66,"Partially Implemented") -> 25
B9: Not Implemented | C9: =COUNTIF('Control Matrix'!F2:F66,"Not Implemented") -> 1
B10: Not Applicable | C10: =COUNTIF('Control Matrix'!F2:F66,"Not Applicable") -> 1
B11: % Implemented (excl. N/A) | C11: =IFERROR(C7/(C6-C9),0) -> 0.59375
B12: High Residual Risk | C12: =COUNTIF('Control Matrix'!J2:J66,"High") -> 4
B13: Medium Residual Risk | C13: =COUNTIF('Control Matrix'!J2:J66,"Medium") -> 17
B14: Low Residual Risk | C14: =COUNTIF('Control Matrix'!J2:J66,"Low") -> 9
B15: No Residual Risk | C15: =COUNTIF('Control Matrix'!J2:J66,"None") -> 35
B18: STATUS BY COMMON CRITERIA CATEGORY
B19: Category | C19: Total | D19: Implemented | E19: Partial | F19: Not Impl. | G19: N/A | H19: % Impl.
B20: CC1 | C20: =COUNTIF('Control Matrix'!B2:B66,"CC1") -> 7 | D20: =COUNTIFS('Control Matrix'!B2:B66,"CC1",'Control Matrix'!F2:F66,"Implemented") -> 5 | E20: =COUNTIFS('Control Matrix'!B2:B66,"CC1",'Control Matrix'!F2:F66,"Partially Implemented") -> 2 | F20: =COUNTIFS('Control Matrix'!B2:B66,"CC1",'Control Matrix'!F2:F66,"Not Implemented") -> 0 | G20: =COUNTIFS('Control Matrix'!B2:B66,"CC1",'Control Matrix'!F2:F66,"Not Applicable") -> 0 | H20: =IFERROR(D20/(C20-G20),0) -> 0.71428571
B21: CC2 | C21: =COUNTIF('Control Matrix'!B2:B66,"CC2") -> 5 | D21: =COUNTIFS('Control Matrix'!B2:B66,"CC2",'Control Matrix'!F2:F66,"Implemented") -> 3 | E21: =COUNTIFS('Control Matrix'!B2:B66,"CC2",'Control Matrix'!F2:F66,"Partially Implemented") -> 2 | F21: =COUNTIFS('Control Matrix'!B2:B66,"CC2",'Control Matrix'!F2:F66,"Not Implemented") -> 0 | G21: =COUNTIFS('Control Matrix'!B2:B66,"CC2",'Control Matrix'!F2:F66,"Not Applicable") -> 0 | H21: =IFERROR(D21/(C21-G21),0) -> 0.6
B22: CC3 | C22: =COUNTIF('Control Matrix'!B2:B66,"CC3") -> 5 | D22: =COUNTIFS('Control Matrix'!B2:B66,"CC3",'Control Matrix'!F2:F66,"Implemented") -> 3 | E22: =COUNTIFS('Control Matrix'!B2:B66,"CC3",'Control Matrix'!F2:F66,"Partially Implemented") -> 1 | F22: =COUNTIFS('Control Matrix'!B2:B66,"CC3",'Control Matrix'!F2:F66,"Not Implemented") -> 1 | G22: =COUNTIFS('Control Matrix'!B2:B66,"CC3",'Control Matrix'!F2:F66,"Not Applicable") -> 0 | H22: =IFERROR(D22/(C22-G22),0) -> 0.6
B23: CC4 | C23: =COUNTIF('Control Matrix'!B2:B66,"CC4") -> 4 | D23: =COUNTIFS('Control Matrix'!B2:B66,"CC4",'Control Matrix'!F2:F66,"Implemented") -> 2 | E23: =COUNTIFS('Control Matrix'!B2:B66,"CC4",'Control Matrix'!F2:F66,"Partially Implemented") -> 2 | F23: =COUNTIFS('Control Matrix'!B2:B66,"CC4",'Control Matrix'!F2:F66,"Not Implemented") -> 0 | G23: =COUNTIFS('Control Matrix'!B2:B66,"CC4",'Control Matrix'!F2:F66,"Not Applicable") -> 0 | H23: =IFERROR(D23/(C23-G23),0) -> 0.5
B24: CC5 | C24: =COUNTIF('Control Matrix'!B2:B66,"CC5") -> 4 | D24: =COUNTIFS('Control Matrix'!B2:B66,"CC5",'Control Matrix'!F2:F66,"Implemented") -> 2 | E24: =COUNTIFS('Control Matrix'!B2:B66,"CC5",'Control Matrix'!F2:F66,"Partially Implemented") -> 2 | F24: =COUNTIFS('Control Matrix'!B2:B66,"CC5",'Control Matrix'!F2:F66,"Not Implemented") -> 0 | G24: =COUNTIFS('Control Matrix'!B2:B66,"CC5",'Control Matrix'!F2:F66,"Not Applicable") -> 0 | H24: =IFERROR(D24/(C24-G24),0) -> 0.5
B25: CC6 | C25: =COUNTIF('Control Matrix'!B2:B66,"CC6") -> 13 | D25: =COUNTIFS('Control Matrix'!B2:B66,"CC6",'Control Matrix'!F2:F66,"Implemented") -> 8 | E25: =COUNTIFS('Control Matrix'!B2:B66,"CC6",'Control Matrix'!F2:F66,"Partially Implemented") -> 4 | F25: =COUNTIFS('Control Matrix'!B2:B66,"CC6",'Control Matrix'!F2:F66,"Not Implemented") -> 0 | G25: =COUNTIFS('Control Matrix'!B2:B66,"CC6",'Control Matrix'!F2:F66,"Not Applicable") -> 1 | H25: =IFERROR(D25/(C25-G25),0) -> 0.66666667
B26: CC7 | C26: =COUNTIF('Control Matrix'!B2:B66,"CC7") -> 10 | D26: =COUNTIFS('Control Matrix'!B2:B66,"CC7",'Control Matrix'!F2:F66,"Implemented") -> 6 | E26: =COUNTIFS('Control Matrix'!B2:B66,"CC7",'Control Matrix'!F2:F66,"Partially Implemented") -> 4 | F26: =COUNTIFS('Control Matrix'!B2:B66,"CC7",'Control Matrix'!F2:F66,"Not Implemented") -> 0 | G26: =COUNTIFS('Control Matrix'!B2:B66,"CC7",'Control Matrix'!F2:F66,"Not Applicable") -> 0 | H26: =IFERROR(D26/(C26-G26),0) -> 0.6
B27: CC8 | C27: =COUNTIF('Control Matrix'!B2:B66,"CC8") -> 5 | D27: =COUNTIFS('Control Matrix'!B2:B66,"CC8",'Control Matrix'!F2:F66,"Implemented") -> 3 | E27: =COUNTIFS('Control Matrix'!B2:B66,"CC8",'Control Matrix'!F2:F66,"Partially Implemented") -> 2 | F27: =COUNTIFS('Control Matrix'!B2:B66,"CC8",'Control Matrix'!F2:F66,"Not Implemented") -> 0 | G27: =COUNTIFS('Control Matrix'!B2:B66,"CC8",'Control Matrix'!F2:F66,"Not Applicable") -> 0 | H27: =IFERROR(D27/(C27-G27),0) -> 0.6
B28: CC9 | C28: =COUNTIF('Control Matrix'!B2:B66,"CC9") -> 12 | D28: =COUNTIFS('Control Matrix'!B2:B66,"CC9",'Control Matrix'!F2:F66,"Implemented") -> 6 | E28: =COUNTIFS('Control Matrix'!B2:B66,"CC9",'Control Matrix'!F2:F66,"Partially Implemented") -> 6 | F28: =COUNTIFS('Control Matrix'!B2:B66,"CC9",'Control Matrix'!F2:F66,"Not Implemented") -> 0 | G28: =COUNTIFS('Control Matrix'!B2:B66,"CC9",'Control Matrix'!F2:F66,"Not Applicable") -> 0 | H28: =IFERROR(D28/(C28-G28),0) -> 0.5
B29: TOTAL | C29: =SUM(C20:C28) -> 65 | D29: =SUM(D20:D28) -> 38 | E29: =SUM(E20:E28) -> 25 | F29: =SUM(F20:F28) -> 1 | G29: =SUM(G20:G28) -> 1 | H29: =IFERROR(D29/(C29-G29),0) -> 0.59375

Sheet Control Matrix
A1: Control ID | B1: CC | C1: Category | D1: Control Name | E1: Control Description | F1: Status | G1: Evidence Reliability | H1: Evidence / Notes | I1: Owner | J1: Residual Risk | K1: Recommendation
A2: CC1.1-01 | B2: CC1 | C2: Control Environment | D2: Code of Conduct & Ethics | E2: The entity demonstrates commitment to integrity and ethical values through a documented Code of Conduct acknowledged by all personnel. | F2: Implemented | G2: B - Moderate | H2: Code of Conduct v2.1 (Mar 2025); annual acknowledgement tracked in BambooHR. | I2: People & Culture | J2: Low | K2: Acknowledgement evidence is partly manual; recommend automated tracking export from BambooHR.
A3: CC1.1-02 | B3: CC1 | C3: Control Environment | D3: Background Checks | E3: Background checks are performed for all new hires prior to commencement, commensurate with role sensitivity. | F3: Implemented | G3: A - High | H3: Checkr API integration; 100% completion in last 24 hires. | I3: People & Culture | J3: None | K3: No gap identified.
A4: CC1.2-01 | B4: CC1 | C4: Control Environment | D4: Board Oversight of Security | E4: The Board of Directors exercises oversight of internal control over the security objectives. | F4: Partially Implemented | G4: C - Low | H4: Quarterly security update on Board agenda since Q3 FY24, but no documented Board-level Security Charter or Risk Appetite Statement. | I4: CISO / Board Secretary | J4: Medium | K4: Draft and adopt a Board-approved Information Security Charter and Risk Appetite Statement aligned with US assurance expectations.
A5: CC1.3-01 | B5: CC1 | C5: Control Environment | D5: Organisational Structure | E5: Management establishes structures, reporting lines, and authorities in pursuit of objectives. | F5: Implemented | G5: B - Moderate | H5: Org chart in Confluence; security team reports to CTO with dotted line to CEO. | I5: CTO | J5: None | K5: No gap identified.
A6: CC1.4-01 | B6: CC1 | C6: Control Environment | D6: Competence - Hiring | E6: The entity attracts, develops, and retains competent personnel; role descriptions specify required qualifications. | F6: Implemented | G6: B - Moderate | H6: Role descriptions in Workable; security roles include required certifications. | I6: People & Culture | J6: Low | K6: Role descriptions for non-security roles do not specify security responsibilities; recommend update.
A7: CC1.4-02 | B7: CC1 | C7: Control Environment | D7: Security Awareness Training | E7: Personnel complete information security awareness training upon hire and annually thereafter. | F7: Partially Implemented | G7: C - Low | H7: KnowBe4 deployed Q1 FY25; 78% completion rate (target 100%); phishing simulation not yet enabled. | I7: CISO | J7: High | K7: Drive completion to 100% before audit period; enable monthly phishing simulations; retain completion evidence per user.
A8: CC1.5-01 | B8: CC1 | C8: Control Environment | D8: Performance & Accountability | E8: The entity holds individuals accountable for their internal control responsibilities. | F8: Implemented | G8: B - Moderate | H8: Performance reviews include security-objective KPI for engineering and operations. | I8: People & Culture | J8: None | K8: No gap identified.
A9: CC2.1-01 | B9: CC2 | C9: Communication & Information | D9: Information Quality | E9: The entity obtains or generates relevant, quality information to support the functioning of internal control. | F9: Implemented | G9: A - High | H9: Datadog dashboards, AWS Config, GuardDuty, and Security Hub feed weekly metrics. | I9: Security Engineering | J9: None | K9: No gap identified.
A10: CC2.2-01 | B10: CC2 | C10: Communication & Information | D10: Internal Communication of Policies | E10: The entity communicates information security policies and responsibilities internally. | F10: Implemented | G10: B - Moderate | H10: Policies published in Confluence ISMS space; all-hands quarterly security update. | I10: CISO | J10: Low | K10: Policy acknowledgement not centrally tracked - recommend Vanta or Drata acknowledgement workflow.
A11: CC2.2-02 | B11: CC2 | C11: Communication & Information | D11: Whistleblower & Reporting Channel | E11: Personnel can report concerns confidentially through a defined channel. | F11: Implemented | G11: B - Moderate | H11: Whistleblower email and Vault platform; Audit Committee reviews quarterly. | I11: General Counsel | J11: None | K11: No gap identified.
A12: CC2.3-01 | B12: CC2 | C12: Communication & Information | D12: External Communication - Customers | E12: The entity communicates with external parties regarding matters affecting the functioning of internal control. | F12: Partially Implemented | G12: C - Low | H12: MSA includes generic security clauses; no customer-facing Trust Centre or security commitments page. | I12: CISO / Marketing | J12: Medium | K12: Build customer-facing Trust Centre publishing SOC 2 status, ISO 27001 cert, and incident notification commitments.
... A66: CC9.2-09 | B66: CC9 | C66: Risk Mitigation | D66: Cyber Insurance Sub-limits Review | E66: Insurance sub-limits are reviewed against changing threat landscape. | F66: Partially Implemented | G66: C - Low | H66: Annual renewal review; ransomware sub-limit not separately analysed. | I66: CFO | J66: Low | K66: Engage broker for ransomware sub-limit analysis; document board-approved acceptance.

Sheet Findings Summary
B2: FINDINGS DERIVED FROM CONTROL MATRIX
B3: Auto-populated from controls with Partial / Not Implemented status and Medium+ residual risk.
A5: # | B5: Finding ID | C5: Control Name | D5: Severity | E5: Status | F5: Recommendation | G5: Owner
A6: 1 | B6: F-CC1.2-01 | C6: Board Oversight of Security | D6: Medium | E6: Partially Implemented | F6: Draft and adopt a Board-approved Information Security Charter and Risk Appetite Statement aligned with US assurance expectations. | G6: CISO / Board Secretary
A7: 2 | B7: F-CC1.4-02 | C7: Security Awareness Training | D7: High | E7: Partially Implemented | F7: Drive completion to 100% before audit period; enable monthly phishing simulations; retain completion evidence per user. | G7: CISO
A8: 3 | B8: F-CC2.3-01 | C8: External Communication - Customers | D8: Medium | E8: Partially Implemented | F8: Build customer-facing Trust Centre publishing SOC 2 status, ISO 27001 cert, and incident notification commitments. | G8: CISO / Marketing
A9: 4 | B9: F-CC2.3-02 | C9: Customer Notification of Incidents | D9: High | E9: Partially Implemented | F9: Define and contractually commit to incident notification SLA aligned with US healthcare client expectations (recommend 72 hours). | G9: CISO / General Counsel
A10: 5 | B10: F-CC3.2-02 | C10: Fraud Risk Assessment | D10: Medium | E10: Not Implemented | F10: Conduct an annual fraud risk assessment covering financial, operational, and IT-fraud scenarios; document and link to risk register. | G10: CFO / CISO
A11: 6 | B11: F-CC4.1-01 | C11: Internal Audit Programme | D11: Medium | E11: Partially Implemented | F11: Engage external internal-audit provider for FY26 to provide independence; alternatively rotate auditor across leadership. | G11: CISO
A12: 7 | B12: F-CC5.3-01 | C12: Policies & Procedures Deployment | D12: Medium | E12: Partially Implemented | F12: Refresh stale policies (DLP, Cryptography, Mobile Device, Acceptable Use) and implement annual review cadence. | G12: CISO
A13: 8 | B13: F-CC5.3-02 | C13: Segregation of Duties | D13: Medium | E13: Partially Implemented | F13: Document SoD matrix covering deployment, access provisioning, financial approvals; review quarterly. | G13: CTO / CISO
A14: 9 | B14: F-CC6.1-03 | C14: Privileged Access Management | D14: Medium | E14: Partially Implemented | F14: Implement Teleport or AWS Systems Manager Session Manager for OS-level access with session recording. | G14: Security Engineering
A15: 10 | B15: F-CC6.1-04 | C15: Service Account Management | D15: Medium | E15: Partially Implemented | F15: Build service account inventory with owner, purpose, last-used date; review quarterly. | G15: Security Engineering
A16: 11 | B16: F-CC6.2-01 | C16: User Access Reviews | D16: High | E16: Partially Implemented | F16: Move to quarterly access reviews for production AWS, Okta, GitHub, and database access; retain manager sign-off. | G16: CISO / People & Culture
... A26: 21 | B26: F-CC9.2-07 | C26: Data Retention & Deletion | D26: Medium | E26: Partially Implemented | F26: Implement automated retention/deletion for log data, customer support tickets, and analytics datasets per Data Retention Standard. | G26: CISO / Platform Engineering
B28: Total findings: 21 | High: 4 | Medium: 17

Sheet Glossary
B2: GLOSSARY
B4: AICPA | C4: American Institute of Certified Public Accountants — issuer of the Trust Services Criteria.
B5: APRA CPS 234 | C5: Australian Prudential Regulation Authority Cross-industry Prudential Standard 234 — Information Security.
B6: CAIQ | C6: Consensus Assessments Initiative Questionnaire — vendor security assessment from Cloud Security Alliance.
B7: CC | C7: Common Criteria — the nine baseline criteria of the Security TSC (CC1–CC9).
B8: CUEC | C8: Complementary User Entity Control — control the user entity must implement to complement a sub-service organisation's controls.
B9: DR | C9: Disaster Recovery.
B10: IdP | C10: Identity Provider — e.g., Okta, Azure AD.
B11: IR | C11: Incident Response.
B12: ISMS | C12: Information Security Management System (ISO/IEC 27001 term).
B13: KMS | C13: Key Management Service (AWS encryption key store).
B14: MFA | C14: Multi-Factor Authentication.
B15: MSA | C15: Master Services Agreement.
... B26: VMDR | C26: Vulnerability Management, Detection, and Response (Qualys product).
