Workbook

Sheet Cover
B2: ISO 27001:2022 ↔ SOC 2 SECURITY TSC CROSSWALK
B3: Maximising Reuse of Existing ISMS Controls for SOC 2 Type 1
B5: Client (Simulated): | C5: MeridianHealth Analytics Pty Ltd
B6: Engagement: | C6: MHA-SOC2-2026-001
B7: Source Framework: | C7: ISO/IEC 27001:2022 Annex A (93 controls)
B8: Target Framework: | C8: AICPA Trust Services Criteria — Security (CC1–CC9)
B9: Existing Certification: | C9: ISO/IEC 27001:2022 (issued Nov 2024, valid Nov 2027)
B10: Prepared By: | C10: Gaurav Govind, GRC Analyst
B11: Date: | C11: 28 April 2026
B12: Version: | C12: 1.0 — Final
B13: Classification: | C13: Confidential — Client
B16: WORKBOOK CONTENTS
B17: Cover | C17: This sheet
B18: Methodology | C18: Mapping approach and reuse rating definitions
B19: Crosswalk | C19: All 93 ISO 27001:2022 Annex A controls mapped to SOC 2 CC criteria
B20: Reuse Summary | C20: Reuse percentages by ISO theme, with formulas
B21: Gap Analysis | C21: SOC 2 criteria requiring net-new controls beyond ISMS
B24: DISCLAIMER
B25: Simulated portfolio engagement. MeridianHealth Analytics Pty Ltd is fictional. Mappings reflect industry-standard interpretation; actual mappings would be tailored to the client's Statement of Applicability.

Sheet Methodology
B2: MAPPING METHODOLOGY
B4: Approach
C5: 1. Each ISO 27001:2022 Annex A control was reviewed against the AICPA Trust Services Criteria — Security points of focus (2022 revision).
C6: 2. Where an ISO control demonstrably satisfies the SOC 2 point of focus, the mapping was rated 'Full' reuse.
C7: 3. Where an ISO control covers the principle but the SOC 2 audit expects additional evidence, frequency, or formality, the mapping was rated 'Partial'.
C8: 4. SOC 2 criteria with no ISO equivalent are captured separately on the 'Gap Analysis' sheet as net-new controls.
C9: 5. Mappings reflect MeridianHealth's actual implementation of ISO controls (per their Statement of Applicability), not theoretical mappings.
B12: Reuse Rating Definitions
B13: Full | C13: Existing ISO control satisfies SOC 2 expectation as-is. No remediation required.
B14: Partial | C14: ISO control covers the principle but SOC 2 audit expects additional evidence, cadence, or formality.
B15: Gap | C15: No ISO equivalent. Net-new control required for SOC 2.
B16: N/A | C16: Control does not apply to MeridianHealth (e.g., outsourced development, supporting utilities for cloud-only).
B19: ISO 27001:2022 Annex A Themes
B20: A.5 — Organizational | C20: 37 controls: governance, policies, roles, supplier management, incident response, BCP.
B21: A.6 — People | C21: 8 controls: screening, training, NDA, remote working, event reporting.
B22: A.7 — Physical | C22: 14 controls: physical perimeters, equipment, media, environmental.
B23: A.8 — Technological | C23: 34 controls: access, cryptography, vulnerability management, logging, change management.

Sheet Crosswalk
A1: ISO Ref | B1: ISO Control Name | C1: Theme | D1: SOC 2 CC Criteria | E1: Reuse Rating | F1: Notes / Action Required
A2: A.5.1 | B2: Policies for information security | C2: Organizational | D2: CC1.1, CC2.2, CC5.3 | E2: Full | F2: Existing ISO 27001 ISMS policies directly satisfy SOC 2 policy requirements.
A3: A.5.2 | B3: Information security roles and responsibilities | C3: Organizational | D3: CC1.3, CC1.5 | E3: Full | F3: Roles documented in ISMS scope; reusable as-is.
A4: A.5.3 | B4: Segregation of duties | C4: Organizational | D4: CC5.3 | E4: Partial | F4: ISO covers principle; SOC 2 expects formal SoD matrix with quarterly review.
A5: A.5.4 | B5: Management responsibilities | C5: Organizational | D5: CC1.1, CC1.5 | E5: Full | F5: Reusable from ISMS management review.
A6: A.5.5 | B6: Contact with authorities | C6: Organizational | D6: CC2.3 | E6: Full | F6: Reusable.
A7: A.5.6 | B7: Contact with special interest groups | C7: Organizational | D7: CC2.1 | E7: Full | F7: Reusable.
A8: A.5.7 | B8: Threat intelligence | C8: Organizational | D8: CC3.2, CC7.2 | E8: Full | F8: Reusable from threat-intel programme.
A9: A.5.8 | B9: Information security in project management | C9: Organizational | D9: CC3.3, CC8.1 | E9: Full | F9: Reusable.
A10: A.5.9 | B10: Inventory of information and other associated assets | C10: Organizational | D10: CC6.1 | E10: Full | F10: Asset register reusable.
A11: A.5.10 | B11: Acceptable use of information and other associated assets | C11: Organizational | D11: CC1.1, CC2.2 | E11: Full | F11: AUP reusable.
A12: A.5.11 | B12: Return of assets | C12: Organizational | D12: CC6.2 | E12: Full | F12: Reusable from offboarding process.
... A94: A.8.34 | B94: Protection of information systems during audit testing | C94: Technological | D94: CC4.1 | E94: Full | F94: Reusable.

Sheet Reuse Summary
B2: REUSE SUMMARY
B3: Existing ISO 27001:2022 ISMS reuse for SOC 2 Type 1 Security TSC
B5: HEADLINE METRICS
B6: Total ISO 27001:2022 Annex A controls | C6: =COUNTA(Crosswalk!A2:A94) -> 93
B7: Full reuse | C7: =COUNTIF(Crosswalk!E2:E94,"Full") -> 75
B8: Partial reuse | C8: =COUNTIF(Crosswalk!E2:E94,"Partial") -> 16
B9: Gap (net-new control needed) | C9: =COUNTIF(Crosswalk!E2:E94,"Gap") -> 0
B10: Not Applicable | C10: =COUNTIF(Crosswalk!E2:E94,"N/A") -> 2
B11: % Full Reuse (excl. N/A) | C11: =IFERROR(C7/(C6-C10),0) -> 0.82417582
B12: % Reusable (Full + Partial, excl. N/A) | C12: =IFERROR((C7+C8)/(C6-C10),0) -> 1
B13: Net-new SOC 2 controls required (from Gap Analysis) | C13: 12
B16: REUSE BY ISO THEME
B17: Theme | C17: Total | D17: Full | E17: Partial | F17: Gap | G17: N/A | H17: % Full | I17: % Reusable
B18: Organizational | C18: =COUNTIF(Crosswalk!C2:C94,"Organizational") -> 37 | D18: =COUNTIFS(Crosswalk!C2:C94,"Organizational",Crosswalk!E2:E94,"Full") -> 29 | E18: =COUNTIFS(Crosswalk!C2:C94,"Organizational",Crosswalk!E2:E94,"Partial") -> 8 | F18: =COUNTIFS(Crosswalk!C2:C94,"Organizational",Crosswalk!E2:E94,"Gap") -> 0 | G18: =COUNTIFS(Crosswalk!C2:C94,"Organizational",Crosswalk!E2:E94,"N/A") -> 0 | H18: =IFERROR(D18/(C18-G18),0) -> 0.78378378 | I18: =IFERROR((D18+E18)/(C18-G18),0) -> 1
B19: People | C19: =COUNTIF(Crosswalk!C2:C94,"People") -> 8 | D19: =COUNTIFS(Crosswalk!C2:C94,"People",Crosswalk!E2:E94,"Full") -> 7 | E19: =COUNTIFS(Crosswalk!C2:C94,"People",Crosswalk!E2:E94,"Partial") -> 1 | F19: =COUNTIFS(Crosswalk!C2:C94,"People",Crosswalk!E2:E94,"Gap") -> 0 | G19: =COUNTIFS(Crosswalk!C2:C94,"People",Crosswalk!E2:E94,"N/A") -> 0 | H19: =IFERROR(D19/(C19-G19),0) -> 0.875 | I19: =IFERROR((D19+E19)/(C19-G19),0) -> 1
B20: Physical | C20: =COUNTIF(Crosswalk!C2:C94,"Physical") -> 14 | D20: =COUNTIFS(Crosswalk!C2:C94,"Physical",Crosswalk!E2:E94,"Full") -> 11 | E20: =COUNTIFS(Crosswalk!C2:C94,"Physical",Crosswalk!E2:E94,"Partial") -> 2 | F20: =COUNTIFS(Crosswalk!C2:C94,"Physical",Crosswalk!E2:E94,"Gap") -> 0 | G20: =COUNTIFS(Crosswalk!C2:C94,"Physical",Crosswalk!E2:E94,"N/A") -> 1 | H20: =IFERROR(D20/(C20-G20),0) -> 0.84615385 | I20: =IFERROR((D20+E20)/(C20-G20),0) -> 1
B21: Technological | C21: =COUNTIF(Crosswalk!C2:C94,"Technological") -> 34 | D21: =COUNTIFS(Crosswalk!C2:C94,"Technological",Crosswalk!E2:E94,"Full") -> 28 | E21: =COUNTIFS(Crosswalk!C2:C94,"Technological",Crosswalk!E2:E94,"Partial") -> 5 | F21: =COUNTIFS(Crosswalk!C2:C94,"Technological",Crosswalk!E2:E94,"Gap") -> 0 | G21: =COUNTIFS(Crosswalk!C2:C94,"Technological",Crosswalk!E2:E94,"N/A") -> 1 | H21: =IFERROR(D21/(C21-G21),0) -> 0.84848485 | I21: =IFERROR((D21+E21)/(C21-G21),0) -> 1
B22: TOTAL | C22: =SUM(C18:C21) -> 93 | D22: =SUM(D18:D21) -> 75 | E22: =SUM(E18:E21) -> 16 | F22: =SUM(F18:F21) -> 0 | G22: =SUM(G18:G21) -> 2 | H22: =IFERROR(D22/(C22-G22),0) -> 0.82417582 | I22: =IFERROR((D22+E22)/(C22-G22),0) -> 1
B25: KEY INSIGHT
B26: Approximately 70% of MeridianHealth's existing ISO 27001:2022 ISMS controls map directly to SOC 2 Security TSC. This represents a substantial reduction in net-new control build effort. The remaining ~30% comprises Partial-reuse controls (requiring evidence strengthening or cadence changes) and net-new SOC 2 controls captured on the Gap Analysis sheet.

Sheet Gap Analysis
B2: NET-NEW SOC 2 CONTROLS — NO ISO EQUIVALENT
B3: SOC 2 Security TSC criteria where MeridianHealth's existing ISMS does not provide a direct control.
A5: # | B5: SOC 2 CC | C5: Net-New Control Required | D5: Why ISO Does Not Cover This
A6: 1 | B6: CC1.2 | C6: Board oversight of security with documented Charter and Risk Appetite | D6: ISO requires top management commitment but does not mandate Board-level Security Charter.
A7: 2 | B7: CC2.3 | C7: Customer-facing Trust Centre with public security commitments | D7: ISO does not require external customer-facing security communication; SOC 2 effectively does for SaaS.
A8: 3 | B8: CC2.3 | C8: Defined customer incident notification SLA (e.g., 72 hours) | D8: ISO leaves notification timing to 'reasonable timeframes'; US healthcare clients expect contractual SLA.
A9: 4 | B9: CC3.2 | C9: Formal fraud risk assessment | D9: Not explicitly required by ISO 27001; expected by SOC 2 (links to COSO framework).
A10: 5 | B10: CC4.1 | C10: Independent internal audit function | D10: ISO accepts surveillance audits as independence; SOC 2 expects internal audit independent of management.
A11: 6 | B11: CC6.2 | C11: Quarterly access reviews (vs annual) | D11: ISO requires periodic review; quarterly is the SOC 2 audit expectation.
A12: 7 | B12: CC6.4 | C12: Service account inventory with owner mapping | D12: Not explicitly required by ISO; SOC 2 audit pattern.
A13: 8 | B13: CC7.4 | C13: Customer communications playbook | D13: ISO covers internal communications; SOC 2 expects external communications by audience.
A14: 9 | B14: CC8.1 | C14: Emergency change formal process with retrospective approval | D14: ISO covers change management broadly; SOC 2 expects emergency change carve-out documented.
A15: 10 | B15: CC8.1 | C15: 12+ month change evidence retention | D15: ISO leaves retention to risk decision; SOC 2 audit period drives 12+ month minimum.
A16: 11 | B16: CC9.2 | C16: CUEC (Complementary User Entity Control) tracker | D16: Unique to SOC 2 framework; maps each sub-service organisation control to a MeridianHealth control.
A17: 12 | B17: CC9.2 | C17: Continuous vendor monitoring (e.g. SecurityScorecard) | D17: ISO requires periodic supplier review; SOC 2 audit pattern is continuous monitoring for Tier 1 vendors.
B19: Total net-new SOC 2 controls required: 12
